Logo,Tenant Name,Tenant ID,Floor,View More Link
http://images.malkelapagading.com/tenant/A-W-Restaurantlogo1.jpg,A & W ,MKG-3,Lantai 3,https://www.malkelapagading.com/directory/a-and-w-restaurant
http://images.malkelapagading.com/tenant/A-Fung-Baso-Sapilogo.jpg,A Fung Baso Sapi ,MKG-3,Lantai 3,https://www.malkelapagading.com/directory/a-fung-baso-sapi
http://images.malkelapagading.com/tenant/Punk-Q-Salonlogo1.jpg,"A. VE, RE. RW ",MKG-2,Lantai 2,https://www.malkelapagading.com/directory/a-ve-re-rw
http://images.malkelapagading.com/tenant/Adelle-Jewellerylogo.jpg,Adelle Jewellery ,MKG-3,Lantai Dasar,https://www.malkelapagading.com/directory/adelle-jewellery
http://images.malkelapagading.com/tenant/Adidaslogo3.jpg,Adidas ,MKG-3,Lantai Dasar,https://www.malkelapagading.com/directory/adidas
http://images.malkelapagading.com/tenant/ALDOlogo.jpg,ALDO ,MKG-2,Lantai 1,https://www.malkelapagading.com/directory/aldo
http://images.malkelapagading.com/tenant/Amarissalogo-40.jpg,Amarissa ,MKG-2,Lantai Dasar,https://www.malkelapagading.com/directory/amarisa
http://images.malkelapagading.com/tenant/Aneka-Citra-Snacklogo.jpg,Aneka Citra Snack ,MKG-1,Lantai Dasar,https://www.malkelapagading.com/directory/aneka-citra-snack
http://images.malkelapagading.com/tenant/Antarartha-Benualogo.jpg,AntarArtha Benua ,MKG-1,Lantai Dasar,https://www.malkelapagading.com/directory/antarartha-benua
http://images.malkelapagading.com/tenant/Arenalogo1.jpg,Arena ,MKG-2,Lantai 2,https://www.malkelapagading.com/directory/arena-gadget
http://images.malkelapagading.com/tenant/Arenalogo.jpg,Arena ,MKG-2,Lantai Dasar,https://www.malkelapagading.com/directory/arena
http://images.malkelapagading.com/tenant/ARTLANDlogo-31.jpg,ARTLAND ,Gading Walk,Lantai Dasar,https://www.malkelapagading.com/directory/artland
http://images.malkelapagading.com/tenant/ASICS-logo-0.jpg,ASICS  ,MKG-2,Lantai Dasar,https://www.malkelapagading.com/directory/asics
http://images.malkelapagading.com/tenant/ATM-BCAlogo.jpg,ATM BCA ,MKG-1,Lantai Dasar,https://www.malkelapagading.com/directory/atm-bca
http://images.malkelapagading.com/tenant/ATM-Center-logo1.jpg,ATM Center 01 ,MKG-3,Lantai Dasar,https://www.malkelapagading.com/directory/atm-center-01
http://images.malkelapagading.com/tenant/ATM-Center-logo.jpg,ATM Center 02 ,MKG-3,Lantai 1,https://www.malkelapagading.com/directory/atm-center
http://images.malkelapagading.com/tenant/Auntie-Anneslogo.jpg,Auntie Anne`s ,MKG-1,Lantai Dasar,https://www.malkelapagading.com/directory/auntie-annes
http://images.malkelapagading.com/tenant/Auto-Glazelogo2.jpg,Auto Glaze ,MKG-5,Lantai 1,https://www.malkelapagading.com/directory/auto-glaze
http://images.malkelapagading.com/tenant/Avia-Tourlogo.jpg,Avia Tour ,MKG-1,Lantai Dasar,https://www.malkelapagading.com/directory/avia-tour
http://images.malkelapagading.com/tenant/Avila-Catholic-Booklogo.jpg,Avila Catholic Book ,MKG-2,Lantai 2,https://www.malkelapagading.com/directory/avila-catholic-book
http://images.malkelapagading.com/tenant/Avocado-Loverslogo1.jpg,Avocado Lovers ,MKG-2,Lantai Dasar,https://www.malkelapagading.com/directory/avocado-lovers
http://images.malkelapagading.com/tenant/B-Mobilelogo1.jpg,B Mobile ,MKG-1,Lantai Dasar,https://www.malkelapagading.com/directory/b-mobile
http://images.malkelapagading.com/tenant/Baby-Barlogo.jpg,Baby Bar ,MKG-3,Lantai 2,https://www.malkelapagading.com/directory/baby-bar
http://images.malkelapagading.com/tenant/Baby-Empirelogo-53.jpg,Baby Empire ,MKG-3,Lantai 2,https://www.malkelapagading.com/directory/baby-empire
http://images.malkelapagading.com/tenant/Babyshoplogo-26.jpg,Babyshop ,MKG-3,Lantai 2,https://www.malkelapagading.com/directory/babyshop
http://images.malkelapagading.com/tenant/Baji-Pamailogo-36.jpg,Baji Pamai ,MKG-3,Lantai 3,https://www.malkelapagading.com/directory/bakmi-baji-pamai
http://images.malkelapagading.com/tenant/Bakmi-Gajah-Madalogo.jpg,Bakmi Gajah Mada ,MKG-3,Lantai 3,https://www.malkelapagading.com/directory/bakmi-gajah-mada
http://images.malkelapagading.com/tenant/Bakmi-Gocitlogo.jpg,Bakmi Gocit ,MKG-3,Lantai Dasar,https://www.malkelapagading.com/directory/bakmi-gocit
http://images.malkelapagading.com/tenant/Bakso-Malang-Cak-Ubanlogo.jpg,Bakso Malang Cak Uban ,MKG-3,Lantai 3,https://www.malkelapagading.com/directory/bakso-malang-cak-uban
http://images.malkelapagading.com/tenant/Balenologo.jpg,Baleno ,MKG-2,Lantai 1,https://www.malkelapagading.com/directory/baleno
http://images.malkelapagading.com/tenant/Bamboo-Dimsumlogo.jpg,Bamboo Dimsum ,MKG-3,Lantai 3,https://www.malkelapagading.com/directory/bamboo-dimsum
http://images.malkelapagading.com/tenant/Bank-BRIlogo.jpg,Bank BRI ,MKG-1,Lantai Dasar,https://www.malkelapagading.com/directory/bank-bri
http://images.malkelapagading.com/tenant/BAR-B-Q-Plazalogo1.jpg,BAR B Q Plaza ,MKG-1,Lantai Dasar,https://www.malkelapagading.com/directory/bar-b-q-plaza
http://images.malkelapagading.com/tenant/Baskin-Robbinslogo.jpg,Baskin Robbins ,Gading Walk,Lantai Dasar,https://www.malkelapagading.com/directory/baskin-robbins
http://images.malkelapagading.com/tenant/Bath-Body-Workslogo-3.jpg,Bath & Body Works ,MKG-3,Lantai 1,https://www.malkelapagading.com/directory/bath-and-body-works
http://images.malkelapagading.com/tenant/Bathaholiclogo1.jpg,Bathaholic ,MKG-3,Lantai 2,https://www.malkelapagading.com/directory/bathaholic
http://images.malkelapagading.com/tenant/Batik-Kerislogo.jpg,Batik Keris ,MKG-2,Lantai 2,https://www.malkelapagading.com/directory/batik-keris
http://images.malkelapagading.com/tenant/BCAlogo.jpg,BCA ,MKG-3,Lantai Dasar,https://www.malkelapagading.com/directory/bca
http://images.malkelapagading.com/tenant/Beef-Bosslogo-31.jpg,Beef Boss ,MKG-2,Lantai 2,https://www.malkelapagading.com/directory/beef-boss
http://images.malkelapagading.com/tenant/Ben-Gongs-Tealogo-11.jpg,Ben Gongs Tea ,MKG-3,Lantai Dasar,https://www.malkelapagading.com/directory/ben-gongs-tea
http://images.malkelapagading.com/tenant/Benteng-Jewellerylogo.jpg,Benteng Jewellery ,MKG-1,Lantai Dasar,https://www.malkelapagading.com/directory/benteng-jewellry
http://images.malkelapagading.com/tenant/Bijin-Nabelogo-97.png,Bijin Nabe ,MKG-5,Lantai 3,https://www.malkelapagading.com/directory/bijin-nabe
http://images.malkelapagading.com/tenant/C-F-Perfumerylogo-51.jpg,C & F Perfumery ,MKG-3,Lantai Dasar,https://www.malkelapagading.com/directory/c-f-perfume
http://images.malkelapagading.com/tenant/Caramello-Sugar-Waxinglogo.jpg,Caramello Sugar Waxing ,MKG-2,Lantai 2,https://www.malkelapagading.com/directory/caramello-sugar-waxing
http://images.malkelapagading.com/tenant/Carl-Claire-Perfumelogo-41.jpg,Carl & Claire Perfume ,MKG-2,Lantai 1,https://www.malkelapagading.com/directory/carl-and-claire-perfume
http://images.malkelapagading.com/tenant/CELINAlogo-66.jpg,CELINA ,MKG-3,Lantai 2,https://www.malkelapagading.com/directory/celina
http://images.malkelapagading.com/tenant/Cellini-Design-Centerlogo-84.png,Cellini Design Center ,MKG-5,Lantai 2,https://www.malkelapagading.com/directory/cellini
http://images.malkelapagading.com/tenant/Century-Health-Carelogo.jpg,Century Health Care ,MKG-2,Lantai Dasar,https://www.malkelapagading.com/directory/century-health-care
http://images.malkelapagading.com/tenant/Charles-Keithlogo1.jpg,Charles & Keith ,MKG-3,Lantai 1,https://www.malkelapagading.com/directory/charles-and-keith
http://images.malkelapagading.com/tenant/CHATERAISElogo.jpg,CHATERAISE ,MKG-3,Lantai Dasar,https://www.malkelapagading.com/directory/chateraise
http://images.malkelapagading.com/tenant/Chatimelogo.jpg,Chatime ,MKG-1,Lantai Dasar,https://www.malkelapagading.com/directory/new-chatime
http://images.malkelapagading.com/tenant/CHURROBITESlogo-17.jpg,CHURROBITES ,MKG-3,Basement,https://www.malkelapagading.com/directory/churrobites
http://images.malkelapagading.com/tenant/Cielyn-Sleepwearlogo-77.jpg,Cielyn Sleepwear ,MKG-3,Lantai 2,https://www.malkelapagading.com/directory/cielyn-sleepwear
http://images.malkelapagading.com/tenant/Cindylogo.jpg,Cindy ,MKG-2,Lantai 2,https://www.malkelapagading.com/directory/cindy-yayang
http://images.malkelapagading.com/tenant/Cinema-XXIlogo3.jpg,Cinema XXI ,MKG-2,Lantai 3,https://www.malkelapagading.com/directory/cinema-xxi
http://images.malkelapagading.com/tenant/Cinnabonlogo-45.jpg,Cinnabon ,MKG-2,Lantai Dasar,https://www.malkelapagading.com/directory/cinnabon
http://images.malkelapagading.com/tenant/Clarkslogo.jpg,Clarks ,MKG-3,Lantai 1,https://www.malkelapagading.com/directory/clarks
http://images.malkelapagading.com/tenant/COCO-Ichibanyalogo1.jpg,COCO Ichibanya ,MKG-3,Lantai 3,https://www.malkelapagading.com/directory/coco-ichibanya
http://images.malkelapagading.com/tenant/Coldstonelogo.jpg,Coldstone ,MKG-2,Lantai Dasar,https://www.malkelapagading.com/directory/coldstone
http://images.malkelapagading.com/tenant/CONVERSElogo-64.jpg,CONVERSE ,MKG-2,Lantai Dasar,https://www.malkelapagading.com/directory/converse
http://images.malkelapagading.com/tenant/DCrepeslogo.jpg,D`Crepes ,MKG-3,Lantai 3,https://www.malkelapagading.com/directory/dcrepes
http://images.malkelapagading.com/tenant/D-Parislogo.jpg,D`Paris ,MKG-3,Lantai 2,https://www.malkelapagading.com/directory/d-paris
http://images.malkelapagading.com/tenant/Dairy-Queenlogo1.jpg,Dairy Queen ,MKG-3,Lantai 3,https://www.malkelapagading.com/directory/dairy-queen
http://images.malkelapagading.com/tenant/Daniel-Wellingtonlogo1.jpg,Daniel Wellington ,MKG-3,Lantai 1,https://www.malkelapagading.com/directory/daniel-wellington
http://images.malkelapagading.com/tenant/Dear-Butterlogo-26.jpg,Dear Butter ,MKG-3,Lantai Dasar,https://www.malkelapagading.com/directory/dear-butter
http://images.malkelapagading.com/tenant/Din-Tai-Funglogo-8.jpg,Din Tai Fung ,MKG-3,Lantai 3,https://www.malkelapagading.com/directory/din-tai-fung
http://images.malkelapagading.com/tenant/DJIlogo-9.jpg,DJI ,MKG-3,Lantai Dasar,https://www.malkelapagading.com/directory/dji
http://images.malkelapagading.com/tenant/Don-Bakeshoplogo-93.jpg,Don Bakeshop ,MKG-3,Basement,https://www.malkelapagading.com/directory/don-bakeshop
http://images.malkelapagading.com/tenant/Donner-Kebablogo.jpg,Doner Kebab ,MKG-3,Lantai 3,https://www.malkelapagading.com/directory/donner-kebab
http://images.malkelapagading.com/tenant/Drink-Temptationlogo4.jpg,Drink Temptation ,MKG-3,Lantai 3,https://www.malkelapagading.com/directory/drink-temptation
http://images.malkelapagading.com/tenant/Dwidaya-Tourlogo-72.png,Dwidaya Tour ,MKG-2,Lantai 2,https://www.malkelapagading.com/directory/dwidaya-tour
http://images.malkelapagading.com/tenant/Dynamic-Cafelogo.jpg,Dynamic Bakery & Cafe ,MKG-2,Lantai Dasar,https://www.malkelapagading.com/directory/dynamic-bakery
http://images.malkelapagading.com/tenant/Eggo-Wafflelogo.jpg,EggO Waffle ,MKG-3,Basement,https://www.malkelapagading.com/directory/eggo-waffle
http://images.malkelapagading.com/tenant/ELC-Early-Learning-Center-logo-57.jpg,ELC (Early Learning Center) ,MKG-3,Lantai 2,https://www.malkelapagading.com/directory/elc
http://images.malkelapagading.com/tenant/Erafonelogo.jpg,Erafone ,MKG-1,Lantai Dasar,https://www.malkelapagading.com/directory/erafone
http://images.malkelapagading.com/tenant/Erha-Ultimatelogo-921.jpg,Erha Ultimate ,Gading Walk,Lantai Dasar,https://www.malkelapagading.com/directory/erha-ultimate
http://images.malkelapagading.com/tenant/Es-OYENlogo-15.jpg,Es OYEN ,MKG-3,Lantai 3,https://www.malkelapagading.com/directory/es-oyen
http://images.malkelapagading.com/tenant/Et-Ceteralogo-77.jpg,Et Cetera ,MKG-2,Lantai 1,https://www.malkelapagading.com/directory/et-cetera
http://images.malkelapagading.com/tenant/EVBlogo.jpg,EVB ,MKG-3,Lantai 2,https://www.malkelapagading.com/directory/evb
http://images.malkelapagading.com/tenant/Everbestlogo.jpg,Everbest ,MKG-2,Lantai 1,https://www.malkelapagading.com/directory/everbest
http://images.malkelapagading.com/tenant/Everlashlogo-69.jpg,Everlash ,MKG-5,Basement,https://www.malkelapagading.com/directory/everlash
http://images.malkelapagading.com/tenant/Kafe-Excelsologo.jpg,Excelso Coffee ,MKG-2,Lantai 2,https://www.malkelapagading.com/directory/excelso-kafe
http://images.malkelapagading.com/tenant/Family-Martlogo.jpg,Family Mart ,Gading Walk,Lantai Dasar,https://www.malkelapagading.com/directory/family-mart
http://images.malkelapagading.com/tenant/Famous-Amouslogo.jpg,Famous Amous ,MKG-2,Lantai Dasar,https://www.malkelapagading.com/directory/famous-amous
http://images.malkelapagading.com/tenant/Farmers-Marketlogo-64.jpg,Farmers Market ,MKG-1,Lantai Dasar,https://www.malkelapagading.com/directory/farmers-market
http://images.malkelapagading.com/tenant/Favorlogo1.jpg,Favor ,MKG-2,Lantai Dasar,https://www.malkelapagading.com/directory/favor
http://images.malkelapagading.com/tenant/Fiesta-Steaklogo.jpg,Fiesta Steak ,MKG-3,Lantai 3,https://www.malkelapagading.com/directory/fiesta-steak
http://images.malkelapagading.com/tenant/Find-Kapoorlogo-28.jpg,Find Kapoor ,MKG-2,Lantai 1,https://www.malkelapagading.com/directory/find-kapoor
http://images.malkelapagading.com/tenant/First-love-Pattiserilogo.jpg,First Love Patisserie ,MKG-2,Lantai Dasar,https://www.malkelapagading.com/directory/first-love-pattisserie
http://images.malkelapagading.com/tenant/Foek-Lamlogo-25.jpg,Foek Lam ,MKG-3,Lantai Dasar,https://www.malkelapagading.com/directory/foek-lam
http://images.malkelapagading.com/tenant/FOGOlogo-98.jpg,FOGO ,MKG-1,Lantai Dasar,https://www.malkelapagading.com/directory/fogo
http://images.malkelapagading.com/tenant/Fonellogo.jpg,Fonel ,MKG-1,Lantai 1,https://www.malkelapagading.com/directory/fonel
http://images.malkelapagading.com/tenant/Footlocker-logo-151.jpg,Footlocker  ,MKG-3,Lantai Dasar,https://www.malkelapagading.com/directory/footlocker
http://images.malkelapagading.com/tenant/Francis-Bakerylogo.jpg,Francis Artisan Bakery ,MKG-3,Lantai Dasar,https://www.malkelapagading.com/directory/francis-artisan-bakery
http://images.malkelapagading.com/tenant/Frank-Co-Jewellerylogo.jpg,Frank & Co Jewellery ,MKG-2,Lantai Dasar,https://www.malkelapagading.com/directory/frank-and-co-jewellery
http://images.malkelapagading.com/tenant/Jolly-Fieldslogo.jpg,Fun World ,MKG-1,Lantai 1,https://www.malkelapagading.com/directory/fun-world
http://images.malkelapagading.com/tenant/Gado-Gado-Boplologo.jpg,Gado-Gado Boplo ,MKG-3,Lantai 3,https://www.malkelapagading.com/directory/gado-gado-boplo
http://images.malkelapagading.com/tenant/Galeri-Musik-Jakartalogo1.jpg,Galeri Musik Jakarta ,MKG-1,Lantai Dasar,https://www.malkelapagading.com/directory/galeri-musik-jakarta
http://images.malkelapagading.com/tenant/Garminlogo-64.jpg,Garmin ,MKG-2,Lantai Dasar,https://www.malkelapagading.com/directory/garmin
http://images.malkelapagading.com/tenant/Guess-Collectionlogo1.jpg,GC - Guess Collection ,MKG-2,Lantai 1,https://www.malkelapagading.com/directory/guess-collection
http://images.malkelapagading.com/tenant/Genki-Sushilogo.jpg,Genki Sushi ,MKG-2,Lantai Dasar,https://www.malkelapagading.com/directory/genki-sushi
http://images.malkelapagading.com/tenant/Gingersnapslogo.jpg,Gingersnaps ,MKG-3,Lantai 2,https://www.malkelapagading.com/directory/gingersnaps
http://images.malkelapagading.com/tenant/Gion-NOB-Journallogo-73.jpg,Gion & NOB Journal ,MKG-1,Lantai Dasar,https://www.malkelapagading.com/directory/gion-the-sushi-bar-and-nob-journal
http://images.malkelapagading.com/tenant/Giordanologo.jpg,Giordano ,MKG-2,Lantai 1,https://www.malkelapagading.com/directory/giordano
http://images.malkelapagading.com/tenant/GNC-Live-Welllogo.jpg,GNC Live Well ,MKG-2,Lantai 2,https://www.malkelapagading.com/directory/gnc-live-well
http://images.malkelapagading.com/tenant/Gokana-Ramen-Teppanlogo1.jpg,Gokana Ramen & Teppan Express ,MKG-3,Lantai 3,https://www.malkelapagading.com/directory/gokana-ramen-and-teppan
http://images.malkelapagading.com/tenant/Golden-Lamianlogo-96.jpg,Golden Lamian ,MKG-3,Lantai 3,https://www.malkelapagading.com/directory/golden-lamian
http://images.malkelapagading.com/tenant/GONG-CHAlogo-77.jpg,GONG CHA ,MKG-1,Lantai Dasar,https://www.malkelapagading.com/directory/gong-cha
http://images.malkelapagading.com/tenant/GOOMAlogo.jpg,GOOMA Tea Bar ,MKG-1,Lantai Dasar,https://www.malkelapagading.com/directory/gooma-tea-bar
http://images.malkelapagading.com/tenant/Gramedia-Book-Storelogo-93.jpg,Gramedia Book Store ,MKG-1,Lantai 1,https://www.malkelapagading.com/directory/gramedia-book-store
http://images.malkelapagading.com/tenant/GraPARIlogo.jpg,GraPARI Telkomsel ,MKG-3,Lantai 2,https://www.malkelapagading.com/directory/grapari
http://images.malkelapagading.com/tenant/GSS-Shoplogo-94.jpg,GS Shop ,MKG-1,Lantai 1,https://www.malkelapagading.com/directory/gs-shop-mall-kelapagading
http://images.malkelapagading.com/tenant/G-SHOCKlogo.jpg,G-SHOCK Casio ,MKG-3,Lantai 1,https://www.malkelapagading.com/directory/g-shock
http://images.malkelapagading.com/tenant/Guardianlogo-20.jpg,Guardian ,MKG-2,Lantai Dasar,https://www.malkelapagading.com/directory/guardian
http://images.malkelapagading.com/tenant/Guesslogo.jpg,Guess ,MKG-3,Lantai 1,https://www.malkelapagading.com/directory/guess
http://images.malkelapagading.com/tenant/Guess-Accessorieslogo1.jpg,Guess Accessories ,MKG-2,Lantai 1,https://www.malkelapagading.com/directory/guess-accessories
http://images.malkelapagading.com/tenant/Guess-Jewellerylogo1.jpg,Guess Jewellery ,MKG-2,Lantai 1,https://www.malkelapagading.com/directory/guess-jewellery
http://images.malkelapagading.com/tenant/H-Mlogo-13.jpg,H&M ,MKG-3,Lantai 1,https://www.malkelapagading.com/directory/h-and-m
http://images.malkelapagading.com/tenant/Haagen-Dazslogo-98.jpg,Haagen Dazs ,MKG-1,Lantai Dasar,https://www.malkelapagading.com/directory/haagen-dazs
http://images.malkelapagading.com/tenant/Hai-Shien-Fanglogo-42.jpg,Hai Shien Fang ,MKG-5,Lantai 3,https://www.malkelapagading.com/directory/hai-shien-fang
http://images.malkelapagading.com/tenant/Hakata-Ikkoushalogo.jpg,Hakata Ikkousha ,MKG-1,Lantai Dasar,https://www.malkelapagading.com/directory/hakata-ikkousha
http://images.malkelapagading.com/tenant/Happy-Car-slogo.jpg,Happy Car`s ,MKG-5,Lantai Dasar,https://www.malkelapagading.com/directory/happy-cars
http://images.malkelapagading.com/tenant/Happy-Dental-Cliniclogo-90.jpg,Happy Dental Clinic ,MKG-2,Lantai 2,https://www.malkelapagading.com/directory/happy-dental-clinic
http://images.malkelapagading.com/tenant/Hasami-Kushi-Salonlogo.jpg,Hasami Kushi Salon ,MKG-2,Lantai 2,https://www.malkelapagading.com/directory/hasami-kushi-salon
http://images.malkelapagading.com/tenant/Havainaslogo.jpg,Havaianas ,MKG-3,Lantai 1,https://www.malkelapagading.com/directory/havaianas
http://images.malkelapagading.com/tenant/Headquarterslogo.jpg,Headquarters ,MKG-3,Basement,https://www.malkelapagading.com/directory/headquarters
http://images.malkelapagading.com/tenant/Her-Glam-Nail-Salonlogo1.jpg,Her Glam Nail Salon ,MKG-3,Basement,https://www.malkelapagading.com/directory/her-glam-nail-salon
http://images.malkelapagading.com/tenant/Hillary-Farmlogo.jpg,Hillary Farm ,MKG-2,Lantai 1,https://www.malkelapagading.com/directory/hillary-farm
http://images.malkelapagading.com/tenant/Hoka-Hoka-Bentologo1.jpg,Hoka-Hoka Bento ,MKG-1,Lantai 2,https://www.malkelapagading.com/directory/hoka-hoka-bento
http://images.malkelapagading.com/tenant/Hokkaido-Baked-Cheese-Tartlogo.jpg,Hokkaido Baked Cheese Tart ,MKG-3,Lantai Dasar,https://www.malkelapagading.com/directory/hokkaido-baked-cheese-tart
http://images.malkelapagading.com/tenant/Home-Madelogo.jpg,Home Made Bakery ,MKG-1,Lantai Dasar,https://www.malkelapagading.com/directory/home-made
http://images.malkelapagading.com/tenant/Hong-Kong-Sheng-Kee-Dessertlogo.jpg,Hong Kong Sheng Kee Dessert ,MKG-2,Lantai Dasar,https://www.malkelapagading.com/directory/hong-kong-sheng-kee-dessert
http://images.malkelapagading.com/tenant/Hong-Tanglogo1.jpg,Hong Tang ,MKG-3,Lantai 3,https://www.malkelapagading.com/directory/hong-tang
http://images.malkelapagading.com/tenant/HOOPS-Indonesialogo-3.jpg,HOOPS Indonesia ,MKG-2,Lantai 1,https://www.malkelapagading.com/directory/hoops
http://images.malkelapagading.com/tenant/Hop-Hop-Bubble-Drinklogo-100.jpg,Hop Hop Bubble Drink ,MKG-3,Lantai 3,https://www.malkelapagading.com/directory/hop-hop-bubble-drink-8738
http://images.malkelapagading.com/tenant/Hop-Hop-Bubble-Drinklogo-17.jpg,Hop Hop Bubble Drink ,MKG-2,Lantai 2,https://www.malkelapagading.com/directory/hop-hop-bubble-drink
http://images.malkelapagading.com/tenant/Hot-Star-Chickenlogo.jpg,Hot Star Chicken ,Gading Walk,Lantai Dasar,https://www.malkelapagading.com/directory/hot-star-chicken
http://images.malkelapagading.com/tenant/Hoy-Todlogo-87.jpg,Hoy Tod ,MKG-3,Lantai 3,https://www.malkelapagading.com/directory/hoy-tod
http://images.malkelapagading.com/tenant/iBoxlogo.jpg,iBox ,MKG-3,Lantai Dasar,https://www.malkelapagading.com/directory/ibox
http://images.malkelapagading.com/tenant/Ikkudo-Ichilogo1.jpg,Ikkudo Ichi ,MKG-3,Lantai 3,https://www.malkelapagading.com/directory/ikkudo-ichi
http://images.malkelapagading.com/tenant/IMAX-Theatrelogo.jpg,IMAX Theatre ,MKG-2,Lantai 3,https://www.malkelapagading.com/directory/imax
http://images.malkelapagading.com/tenant/Innisfreelogo2.jpg,Innisfree ,MKG-3,Lantai 1,https://www.malkelapagading.com/directory/innisfree
http://images.malkelapagading.com/tenant/INTimelogo-53.png,INTime ,MKG-3,Lantai Dasar,https://www.malkelapagading.com/directory/intime
http://images.malkelapagading.com/tenant/Ippeke-Komachilogo.jpg,Ippeke Komachi ,MKG-3,Lantai Dasar,https://www.malkelapagading.com/directory/ippeke-komachi
http://images.malkelapagading.com/tenant/Irwan-Team-Salonlogo1.jpg,Irwan Team Salon ,MKG-3,Lantai 1,https://www.malkelapagading.com/directory/irwan-team
http://images.malkelapagading.com/tenant/Ixoboxlogo2.jpg,Ixobox ,MKG-1,Lantai 1,https://www.malkelapagading.com/directory/ixobox
http://images.malkelapagading.com/tenant/Jack-John-Kitchenlogo-61.jpg,Jack & John Kitchen ,MKG-3,Lantai Dasar,https://www.malkelapagading.com/directory/jack-and-john-kitchen
http://images.malkelapagading.com/tenant/Jack-Nicklauslogo.jpg,Jack Nicklaus ,MKG-2,Lantai 1,https://www.malkelapagading.com/directory/jack-nicklaus
http://images.malkelapagading.com/tenant/Pizza-Pezzologo1.jpg,Janji Jiwa Toast ,MKG-3,Lantai 3,https://www.malkelapagading.com/directory/janji-jiwa-toast
http://images.malkelapagading.com/tenant/Janji-Jiwa-Xlogo-59.jpg,Janji Jiwa X ,Gading Walk,Lantai Dasar,https://www.malkelapagading.com/directory/janji-jiwa-x
http://images.malkelapagading.com/tenant/Java-Kitchenlogo.jpg,Java Kitchen ,MKG-3,Lantai 3,https://www.malkelapagading.com/directory/java-kitchen
http://images.malkelapagading.com/tenant/JBL-de-soundlogo-82.jpg,JBL & de`sound ,MKG-3,Lantai Dasar,https://www.malkelapagading.com/directory/jbl-and-desound
http://images.malkelapagading.com/tenant/JCO-Donutslogo.jpg,JCO Donuts & Coffee ,MKG-2,Lantai Dasar,https://www.malkelapagading.com/directory/jco-donuts
http://images.malkelapagading.com/tenant/JD-sportslogo-15.jpg,JD sports ,MKG-3,Lantai 1,https://www.malkelapagading.com/directory/jd-sport-summarecon-mall-kelapa-gading
http://images.malkelapagading.com/tenant/JM-Top-Opticallogo.jpg,JM Top Optical ,MKG-1,Lantai Dasar,https://www.malkelapagading.com/directory/jm-top-optical
http://images.malkelapagading.com/tenant/Jhonny-Andrean-Salonlogo.jpg,Johnny Andrean Salon ,MKG-3,Lantai 1,https://www.malkelapagading.com/directory/johnny-andrean-salon
http://images.malkelapagading.com/tenant/JOOMBAlogo-67.jpg,JOOMBA ,Gading Walk,Lantai Dasar,https://www.malkelapagading.com/directory/joomba
http://images.malkelapagading.com/tenant/JPP-Skin-Laser-Cliniclogo.jpg,JPP Skin Laser & Clinic ,MKG-2,Lantai 1,https://www.malkelapagading.com/directory/jpp-skin-laser-and-clinic
http://images.malkelapagading.com/tenant/Just-Yogalogo.jpg,Just Yoga ,Gading Walk,Lantai Dasar,https://www.malkelapagading.com/directory/just-yoga
http://images.malkelapagading.com/tenant/Justicelogo.jpg,Justice ,MKG-3,Lantai 2,https://www.malkelapagading.com/directory/justice
http://images.malkelapagading.com/tenant/Jutanhak-Beauty-Centerlogo.jpg,Jutanhak Beauty Center ,MKG-2,Lantai 2,https://www.malkelapagading.com/directory/jutanhak-beauty-center
http://images.malkelapagading.com/tenant/Kaizenlogo2.jpg,Kaizen ,MKG-2,Lantai Dasar,https://www.malkelapagading.com/directory/kaizen
http://images.malkelapagading.com/tenant/KALCarelogo-61.jpg,KALCare ,MKG-1,Lantai 2,https://www.malkelapagading.com/directory/kalcare
http://images.malkelapagading.com/tenant/KEMAYUlogo-7.jpg,KEMAYU ,MKG-2,Lantai 1,https://www.malkelapagading.com/directory/kemayu
http://images.malkelapagading.com/tenant/Kettler-Sportlogo.jpg,Kettler Sport ,MKG-1,Lantai Dasar,https://www.malkelapagading.com/directory/kettler-sport
http://images.malkelapagading.com/tenant/Lontong-cap-Gomeh-Rusminilogo1.jpg,Ketupat Rusmini ,MKG-3,Lantai 3,https://www.malkelapagading.com/directory/lontong-cap-gomeh-rusmini
http://images.malkelapagading.com/tenant/KFClogo-34.jpg,KFC ,MKG-3,Lantai 3,https://www.malkelapagading.com/directory/kfc
http://images.malkelapagading.com/tenant/Kidz-Stationlogo-53.jpg,Kidz Station ,MKG-3,Lantai 2,https://www.malkelapagading.com/directory/kidz-station
http://images.malkelapagading.com/tenant/Kiehlslogo.jpg,Kiehl`s ,MKG-2,Lantai Dasar,https://www.malkelapagading.com/directory/kiehls
http://images.malkelapagading.com/tenant/Kimukatsulogo-87.jpg,Kimukatsu ,MKG-3,Lantai 3,https://www.malkelapagading.com/directory/kimukatsu
http://images.malkelapagading.com/tenant/Kintan-Buffetlogo.jpg,Kintan Buffet ,MKG-3,Lantai 2,https://www.malkelapagading.com/directory/kintan-buffet
http://images.malkelapagading.com/tenant/Kitchenettelogo.jpg,Kitchenette ,MKG-3,Lantai Dasar,https://www.malkelapagading.com/directory/kitchenette
http://images.malkelapagading.com/tenant/Kkuldaklogo.jpg,Kkuldak ,MKG-3,Lantai 3,https://www.malkelapagading.com/directory/kkuldak
http://images.malkelapagading.com/tenant/Koi-Teppanyakilogo.jpg,Koi Teppanyaki ,MKG-3,Lantai 3,https://www.malkelapagading.com/directory/koi-teppanyaki
http://images.malkelapagading.com/tenant/KOKUMIlogo.jpg,KOKUMI ,MKG-2,Lantai 2,https://www.malkelapagading.com/directory/kokumi
http://images.malkelapagading.com/tenant/Kopi-dibawahtanggalogo-25.jpg,Kopi dibawahtangga ,MKG-3,Basement,https://www.malkelapagading.com/directory/kopi-dibawahtangga
http://images.malkelapagading.com/tenant/Janji-Jiwa-Xlogo-7.jpg,Kopi Janji Jiwa ,MKG-3,Lantai 3,https://www.malkelapagading.com/directory/kopi-janji-jiwa
http://images.malkelapagading.com/tenant/Kopi-Kenanganlogo.jpg,Kopi Kenangan ,Gading Walk,Lantai Dasar,https://www.malkelapagading.com/directory/kopi-kenangan
http://images.malkelapagading.com/tenant/Kopi-Luwaklogo.jpg,Kopi Luwak ,MKG-2,Lantai Dasar,https://www.malkelapagading.com/directory/kopi-luwak
http://images.malkelapagading.com/tenant/Krispy-Kreme-Doughnutlogo.jpg,Krispy Kreme Doughnut ,MKG-3,Lantai Dasar,https://www.malkelapagading.com/directory/krispy-kreme
http://images.malkelapagading.com/tenant/Kwetiau-Sapi-Kelapa-Gadinglogo3.jpg,Kwetiau Sapi Kelapa Gading ,MKG-3,Lantai 3,https://www.malkelapagading.com/directory/kwetiau-sapi-kelapa-gading
http://images.malkelapagading.com/tenant/KyoChon-Chickenlogo-8.jpg,KyoChon Chicken ,MKG-2,Lantai 2,https://www.malkelapagading.com/directory/kyo-chon
http://images.malkelapagading.com/tenant/LAKONlogo-67.jpg,LAKON ,MKG-3,Lantai 1,https://www.malkelapagading.com/directory/lakon
http://images.malkelapagading.com/tenant/Land-of-Zoomoovlogo-16.jpg,Land of Zoomoov ,MKG-3,Lantai 2,https://www.malkelapagading.com/directory/land-of-zoomoov
http://images.malkelapagading.com/tenant/Lavalenlogo-5.jpg,Lavalen ,MKG-3,Lantai 2,https://www.malkelapagading.com/directory/lavalen-hair-care
http://images.malkelapagading.com/tenant/Levislogo.jpg,Levi's ,MKG-2,Lantai 1,https://www.malkelapagading.com/directory/levis
http://images.malkelapagading.com/tenant/Lewis-Emmalogo-15.jpg,Lewis Emma ,MKG-3,Lantai 2,https://www.malkelapagading.com/directory/lewis-emma
http://images.malkelapagading.com/tenant/Liang-Sandwichlogo.jpg,Liang Sandwich ,MKG-3,Lantai 3,https://www.malkelapagading.com/directory/liang-sandwich
http://images.malkelapagading.com/tenant/Loccitanelogo.jpg,Loccitane ,MKG-3,Lantai Dasar,https://www.malkelapagading.com/directory/loccitane
http://images.malkelapagading.com/tenant/Lumi-Japan-Beautylogo.jpg,Lumi Japan Beauty ,Gading Walk,Lantai Dasar,https://www.malkelapagading.com/directory/lumi-japan-beauty
http://images.malkelapagading.com/tenant/Luna-Doughnutlogo-63.jpg,Lunas Doughnut ,MKG-3,Lantai 3,https://www.malkelapagading.com/directory/lunas-doughnut
http://images.malkelapagading.com/tenant/Luxcelllogo-44.jpg,Luxcell Clinic ,MKG-2,Lantai Dasar,https://www.malkelapagading.com/directory/luxcell
http://images.malkelapagading.com/tenant/Mama-Rozlogo.jpg,Mama Roz ,MKG-1,Lantai Dasar,https://www.malkelapagading.com/directory/mama-roz
http://images.malkelapagading.com/tenant/Bank-Mandirilogo.jpg,Mandiri ,MKG-3,Lantai Dasar,https://www.malkelapagading.com/directory/bank-mandiri
http://images.malkelapagading.com/tenant/manZONElogo-12.jpg,manZONE ,MKG-3,Lantai 2,https://www.malkelapagading.com/directory/manzone
http://images.malkelapagading.com/tenant/Marketing-Gallery-The-Kensington-Royal2.jpg,Marketing Gallery The Kensington Royal Suites ,No tenant ID found,No floor found,https://www.malkelapagading.com/directory/marketing-gallery-the-kensington-royal
http://images.malkelapagading.com/tenant/Marks-Spencerlogo-82.jpg,Marks & Spencer ,MKG-3,Lantai Dasar,https://www.malkelapagading.com/directory/mark-and-spencer
http://images.malkelapagading.com/tenant/Martha-Tilaar-Shoplogo.jpg,Martha Tilaar Shop ,MKG-2,Lantai Dasar,https://www.malkelapagading.com/directory/martha-tilaar
http://images.malkelapagading.com/tenant/Master-Squidlogo1.jpg,Master Squid ,Gading Walk,Lantai Dasar,https://www.malkelapagading.com/directory/master-squid
http://images.malkelapagading.com/tenant/May-May-Salonlogo.jpg,May May Salon ,MKG-3,Lantai 1,https://www.malkelapagading.com/directory/may-may-salon
http://images.malkelapagading.com/tenant/McDonalds-Dessertlogo.jpg,McDonald's Dessert ,MKG-3,Lantai 3,https://www.malkelapagading.com/directory/mcdonalds-dessert
http://images.malkelapagading.com/tenant/Meiso-Reflexologylogo1.jpg,Meiso Reflexology ,MKG-5,Lantai Dasar,https://www.malkelapagading.com/directory/meiso-reflexology
http://images.malkelapagading.com/tenant/Melissa-Clubelogo-76.jpg,Melissa Clube ,MKG-2,Lantai 1,https://www.malkelapagading.com/directory/melissa-clube
http://images.malkelapagading.com/tenant/Mi-Official-Storelogo.jpg,Mi Official Store ,MKG-1,Lantai 1,https://www.malkelapagading.com/directory/mi-official-store
http://images.malkelapagading.com/tenant/Mie-Hopenglogo4.jpg,Mie Hopeng ,MKG-3,Lantai 3,https://www.malkelapagading.com/directory/mie-hopeng
http://images.malkelapagading.com/tenant/Mini-Melissa-logo-52.jpg,Mini Melissa  ,MKG-3,Lantai 2,https://www.malkelapagading.com/directory/melissa-shoes
http://images.malkelapagading.com/tenant/MINISOlogo.jpg,MINISO ,MKG-1,Lantai Dasar,https://www.malkelapagading.com/directory/miniso
http://images.malkelapagading.com/tenant/Minoshelogo.jpg,Minoshe ,MKG-3,Lantai 2,https://www.malkelapagading.com/directory/minoshe
http://images.malkelapagading.com/tenant/Miss-Mondiallogo.jpg,Miss Mondial ,MKG-3,Lantai Dasar,https://www.malkelapagading.com/directory/miss-mondial
http://images.malkelapagading.com/tenant/Mister-Donutlogo-19.jpg,Mister Donut ,Gading Walk,Lantai Dasar,https://www.malkelapagading.com/directory/mister-donut
http://images.malkelapagading.com/tenant/MKG-X-Danjyo-Hiyojilogo-96.jpg,MKG X Danjyo Hiyoji ,No tenant ID found,No floor found,https://www.malkelapagading.com/directory/mkg-x-danjyo-hiyoji
http://images.malkelapagading.com/tenant/Mochi-Mochiologo-24.jpg,Mochi Mochio ,MKG-1,Lantai 1,https://www.malkelapagading.com/directory/mochi-mochi
http://images.malkelapagading.com/tenant/MOMO-Paradiselogo.jpg,MOMO Paradise ,MKG-5,Lantai Dasar,https://www.malkelapagading.com/directory/momo-paradise
http://images.malkelapagading.com/tenant/Nasi-Bakar-Pusatlogo.jpg,Nasi Pedas Kampung Bali ,MKG-3,Lantai 3,https://www.malkelapagading.com/directory/nasi-pedas-kampung-bali
http://images.malkelapagading.com/tenant/Natural-Farmlogo-5.jpg,Natural Farm ,MKG-3,Lantai 3,https://www.malkelapagading.com/directory/natural-farm
http://images.malkelapagading.com/tenant/Nature-Republiclogo.jpg,Nature Republic ,MKG-1,Lantai 1,https://www.malkelapagading.com/directory/nature-republic
http://images.malkelapagading.com/tenant/New-Balancelogo-50.jpg,New Balance ,MKG-2,Lantai Dasar,https://www.malkelapagading.com/directory/new-balance
http://images.malkelapagading.com/tenant/New-Eropa-Watchlogo1.jpg,New Eropa Watch ,MKG-2,Lantai Dasar,https://www.malkelapagading.com/directory/new-eropa-watch
http://images.malkelapagading.com/tenant/New-Metro-Jewellerylogo.jpg,New Metro Jewellery ,MKG-2,Lantai Dasar,https://www.malkelapagading.com/directory/new-metro-jewellery
http://images.malkelapagading.com/tenant/New-Parislogo.jpg,New Paris ,MKG-2,Lantai 1,https://www.malkelapagading.com/directory/paris-jewellery
http://images.malkelapagading.com/tenant/New-Utamalogo1.jpg,New Utama ,MKG-2,Lantai Dasar,https://www.malkelapagading.com/directory/new-utama
http://images.malkelapagading.com/tenant/NIKElogo.jpg,NIKE ,MKG-3,Lantai Dasar,https://www.malkelapagading.com/directory/nike
http://images.malkelapagading.com/tenant/O-W-Llogo.jpg,O.W.L ,MKG-3,Lantai 2,https://www.malkelapagading.com/directory/owl
http://images.malkelapagading.com/tenant/Obermainlogo-90.jpg,Obermain ,MKG-2,Lantai 1,https://www.malkelapagading.com/directory/obermain
http://images.malkelapagading.com/tenant/Olivia-Burton-Watchlogo.jpg,Olivia Burton Watch ,MKG-3,Lantai 1,https://www.malkelapagading.com/directory/olivia-burton-watch
http://images.malkelapagading.com/tenant/Olla-Beauty-Studiologo.jpg,Olla Beauty Studio ,MKG-3,Basement,https://www.malkelapagading.com/directory/olla-beauty-studio
http://images.malkelapagading.com/tenant/Omegalogo.jpg,Omega ,MKG-3,Lantai Dasar,https://www.malkelapagading.com/directory/omega
http://images.malkelapagading.com/tenant/One-Piece-Salonlogo.jpg,One Piece Hair Studio ,MKG-3,Lantai 2,https://www.malkelapagading.com/directory/one-piece-salon
http://images.malkelapagading.com/tenant/Oppologo-84.jpg,Oppo ,MKG-1,Lantai 1,https://www.malkelapagading.com/directory/oppo
http://images.malkelapagading.com/tenant/Optik-Melawailogo-17.jpg,Optik Melawai ,MKG-3,Lantai Dasar,https://www.malkelapagading.com/directory/optik-melawai
http://images.malkelapagading.com/tenant/Optik-Seislogo.jpg,Optik Seis ,MKG-2,Lantai Dasar,https://www.malkelapagading.com/directory/optik-seis
http://images.malkelapagading.com/tenant/Optik-Seis-Signaturelogo.jpg,Optik Seis Signature ,MKG-3,Lantai Dasar,https://www.malkelapagading.com/directory/optik-seis-signature
http://images.malkelapagading.com/tenant/Optik-Tunggallogo.jpg,Optik Tunggal ,MKG-3,Lantai Dasar,https://www.malkelapagading.com/directory/optik-tunggal
http://images.malkelapagading.com/tenant/Our-Daily-Doselogo1.jpg,Our Daily Dose ,MKG-2,Lantai 1,https://www.malkelapagading.com/directory/our-daily-dose
http://images.malkelapagading.com/tenant/Pan-Cologo-7.jpg,Pan & Co ,MKG-2,Lantai 1,https://www.malkelapagading.com/directory/pan-and-co
http://images.malkelapagading.com/tenant/Panciouslogo3.jpg,Pancious ,MKG-5,Lantai Dasar,https://www.malkelapagading.com/directory/pancious
http://images.malkelapagading.com/tenant/Panorama-JTBlogo2.jpg,Panorama JTB ,MKG-1,Lantai Dasar,https://www.malkelapagading.com/directory/panorama-jtb
http://images.malkelapagading.com/tenant/Papercliplogo.jpg,Paperclip ,MKG-3,Lantai 2,https://www.malkelapagading.com/directory/paperclip
http://images.malkelapagading.com/tenant/Passion-Jewelrylogo.jpg,Passion Jewelry ,MKG-2,Lantai Dasar,https://www.malkelapagading.com/directory/passion-jewelry
http://images.malkelapagading.com/tenant/Pastel-Ma-Ciklogo-83.jpg,Pastel Ma`Cik ,MKG-3,Lantai 3,https://www.malkelapagading.com/directory/pastel-macik
http://images.malkelapagading.com/tenant/PAWS-Dog-Dream-Parklogo.jpg,PAWS Dog Dream Park ,Gading Walk,Lantai Dasar,https://www.malkelapagading.com/directory/paws-dog-dream-park
http://images.malkelapagading.com/tenant/Pedrologo-84.jpg,Pedro ,MKG-3,Lantai 1,https://www.malkelapagading.com/directory/pedro
http://images.malkelapagading.com/tenant/Peggys-Laundrylogo1.jpg,Peggy's Laundry ,MKG-3,Basement,https://www.malkelapagading.com/directory/peggys-laundry
http://images.malkelapagading.com/tenant/Pepper-Lunchlogo.jpg,Pepper Lunch ,MKG-3,Lantai 3,https://www.malkelapagading.com/directory/pepper-lunch
http://images.malkelapagading.com/tenant/Periplus-Bookstorelogo.jpg,Periplus Bookstore ,MKG-3,Lantai Dasar,https://www.malkelapagading.com/directory/periplus-bookstore
http://images.malkelapagading.com/tenant/Petra-Toyslogo.jpg,Petra Toys ,MKG-2,Lantai Dasar,https://www.malkelapagading.com/directory/petra-toys
http://images.malkelapagading.com/tenant/Pho-BaBalogo-54.jpg,Pho BaBa ,MKG-1,Lantai Dasar,https://www.malkelapagading.com/directory/pho-baba
http://images.malkelapagading.com/tenant/Pietros-Gelatologo1.jpg,Pietro's Gelato ,MKG-2,Lantai 2,https://www.malkelapagading.com/directory/pietros-gelato
http://images.malkelapagading.com/tenant/Pigeonlogo.jpg,Pigeon ,MKG-3,Lantai 2,https://www.malkelapagading.com/directory/pigeon
http://images.malkelapagading.com/tenant/Pizza-Hutlogo.jpg,Pizza Hut ,MKG-3,Lantai Dasar,https://www.malkelapagading.com/directory/pizza-hut
http://images.malkelapagading.com/tenant/Pizza-Marzanologo1.jpg,Pizza Marzano ,MKG-2,Lantai Dasar,https://www.malkelapagading.com/directory/pizza-express
http://images.malkelapagading.com/tenant/Planet-Sportlogo.jpg,Planet Sport ,MKG-3,Lantai 2,https://www.malkelapagading.com/directory/planet-sports
http://images.malkelapagading.com/tenant/Polo-Diesellogo1.jpg,Polo Diesel ,MKG-2,Lantai Dasar,https://www.malkelapagading.com/directory/polo
http://images.malkelapagading.com/tenant/Pop-Cionardeslogo.jpg,Pop Cionardes ,MKG-2,Lantai 3,https://www.malkelapagading.com/directory/pop-cionardes
https://www.malkelapagading.com/assets/images/smsimage/logotenant/SMS-default-logo.jpg,Project Soul ,MKG-3,Lantai 2,https://www.malkelapagading.com/directory/project-soul
http://images.malkelapagading.com/tenant/QQ-Kopitiamlogo.jpg,QQ Kopitiam ,Gading Walk,Lantai Dasar,https://www.malkelapagading.com/directory/qq-kopitiam
http://images.malkelapagading.com/tenant/R-B-Tealogo-69.png,R&B Tea ,MKG-3,Lantai 3,https://www.malkelapagading.com/directory/randb-tea
http://images.malkelapagading.com/tenant/Raa-Cha-Sukilogo.jpg,Raa Cha Suki & Barbeque ,MKG-3,Lantai Dasar,https://www.malkelapagading.com/directory/raa-cha-suki
http://images.malkelapagading.com/tenant/Rabbit-Landlogo1.JPG,Rabbit Land ,Gading Walk,Lantai Dasar,https://www.malkelapagading.com/directory/rabbit-land
http://images.malkelapagading.com/tenant/Ramblalogo-15.jpg,Rambla ,MKG-1,Lantai 1,https://www.malkelapagading.com/directory/rambla
http://images.malkelapagading.com/tenant/Ramen-Seirock-Ya-Japanlogo-62.jpg,Ramen Seirock-Ya Japan ,MKG-2,Lantai 2,https://www.malkelapagading.com/directory/ramen-seirock-ya-japan
http://images.malkelapagading.com/tenant/Ramen-YAlogo-43.jpg,Ramen YA ,MKG-3,Lantai 3,https://www.malkelapagading.com/directory/ramen-ya
http://images.malkelapagading.com/tenant/REDDOGlogo-81.jpg,REDDOG ,MKG-5,Lantai 3,https://www.malkelapagading.com/directory/reddog
http://images.malkelapagading.com/tenant/Re-juvelogo.jpg,Rejuve ,MKG-3,Lantai Dasar,https://www.malkelapagading.com/directory/rejuve
http://images.malkelapagading.com/tenant/Remboelanlogo.jpg,Remboelan ,MKG-5,Lantai 1,https://www.malkelapagading.com/directory/remboelan
http://images.malkelapagading.com/tenant/Rempah-Bistrologo-58.jpg,Rempah Bistro ,MKG-1,Lantai Dasar,https://www.malkelapagading.com/directory/rempah-bistro
http://images.malkelapagading.com/tenant/Rica-Rico-Bika-Ambonlogo.jpg,Rica Rico Bika Ambon ,MKG-3,Lantai 3,https://www.malkelapagading.com/directory/rica-rico-bika-ambon
http://images.malkelapagading.com/tenant/Roti-Boylogo.jpg,Rotiboy ,MKG-3,Lantai Dasar,https://www.malkelapagading.com/directory/roti-boy
http://images.malkelapagading.com/tenant/Rubi-Shoeslogo-59.jpg,Rubi Shoes ,MKG-3,Lantai 2,https://www.malkelapagading.com/directory/rubi-shoes
http://images.malkelapagading.com/tenant/Rujak-Kolam-Medanlogo.jpg,Rujak Kolam Medan ,MKG-3,Lantai 3,https://www.malkelapagading.com/directory/rujak-kolam-medan
http://images.malkelapagading.com/tenant/Salad-Stoplogo1.jpg,Salad Stop ,MKG-3,Lantai Dasar,https://www.malkelapagading.com/directory/salad-stop
http://images.malkelapagading.com/tenant/Samsonitelogo.jpg,Samsonite ,MKG-1,Lantai 1,https://www.malkelapagading.com/directory/samsonite
http://images.malkelapagading.com/tenant/Samsunglogo.jpg,Samsung ,MKG-3,Lantai Dasar,https://www.malkelapagading.com/directory/samsung
http://images.malkelapagading.com/tenant/Samsung-Accessorieslogo.jpg,Samsung Accessories ,MKG-2,Lantai 2,https://www.malkelapagading.com/directory/samsung-accessories
http://images.malkelapagading.com/tenant/Santilogo-80.jpg,Sante ,Gading Walk,Lantai Dasar,https://www.malkelapagading.com/directory/sante
http://images.malkelapagading.com/tenant/Sate-Khas-Senayanlogo-21.jpg,Sate Khas Senayan ,MKG-1,Lantai Dasar,https://www.malkelapagading.com/directory/sate-khas-senayan
http://images.malkelapagading.com/tenant/Sate-Padang-Mak-Syukurlogo.jpg,Sate Padang Mak Syukur ,MKG-3,Lantai 3,https://www.malkelapagading.com/directory/sate-padang-mak-syukur
http://images.malkelapagading.com/tenant/Saturdayslogo-30.jpg,Saturdays ,MKG-2,Lantai 1,https://www.malkelapagading.com/directory/saturdays
http://images.malkelapagading.com/tenant/Scooplogo.jpg,Scoop ,MKG-2,Lantai 2,https://www.malkelapagading.com/directory/scoop
http://images.malkelapagading.com/tenant/Sensatia-Botanicalslogo-14.jpg,Sensatia Botanicals ,MKG-2,Lantai Dasar,https://www.malkelapagading.com/directory/sensatia-botanicals
http://images.malkelapagading.com/tenant/SEPHORAlogo.jpg,SEPHORA ,MKG-2,Lantai Dasar,https://www.malkelapagading.com/directory/sephora
http://images.malkelapagading.com/tenant/Shaburi-Japanese-Shabu-Shabulogo.jpg,Shaburi Japanese Shabu Shabu ,MKG-2,Lantai 2,https://www.malkelapagading.com/directory/shaburi
http://images.malkelapagading.com/tenant/Shambala-Inner-Peace-Gallerylogo1.jpg,Shambala Inner Peace Gallery ,MKG-1,Lantai 2,https://www.malkelapagading.com/directory/shambala
http://images.malkelapagading.com/tenant/Shihlinlogo.jpg,Shihlin Taiwan Street Snack ,MKG-3,Lantai 3,https://www.malkelapagading.com/directory/shihlin-taiwan-street-snack
http://images.malkelapagading.com/tenant/Simianlogo1.jpg,Simian ,MKG-3,Basement,https://www.malkelapagading.com/directory/simian
http://images.malkelapagading.com/tenant/Simply-The-Future-Drinkslogo.jpg,Simply The Future Drinks ,MKG-3,Lantai 3,https://www.malkelapagading.com/directory/simply-the-future-drinks
http://images.malkelapagading.com/tenant/Singapore-Hainanese-Chicken-Ricelogo1.jpg,Singapore Hainanese Chicken Rice ,MKG-3,Lantai 3,https://www.malkelapagading.com/directory/singapore-hainanese-chicken-rice
http://images.malkelapagading.com/tenant/Singapore-Koo-Keelogo-42.jpg,Singapore Koo Kee ,MKG-5,Lantai Dasar,https://www.malkelapagading.com/directory/singapore-koo-kee
http://images.malkelapagading.com/tenant/Skecherslogo-48.jpg,Skechers ,MKG-2,Lantai Dasar,https://www.malkelapagading.com/directory/skechers
http://images.malkelapagading.com/tenant/SKIN-logo-72.jpg,SKIN+ ,No tenant ID found,No floor found,https://www.malkelapagading.com/directory/skin+
http://images.malkelapagading.com/tenant/Smart-Hand-DIYlogo-47.jpg,Smart Hand DIY ,MKG-3,Lantai 2,https://www.malkelapagading.com/directory/smart-hand-diy
http://images.malkelapagading.com/tenant/Ta-Wanlogo7.jpg,Ta Wan ,MKG-5,Lantai 3,https://www.malkelapagading.com/directory/ta-wan
http://images.malkelapagading.com/tenant/Take-Barlilogo-21.jpg,Take Barli ,MKG-3,Lantai 3,https://www.malkelapagading.com/directory/take-barli
http://images.malkelapagading.com/tenant/Teh-logo-15.jpg,Teh 63 ,MKG-1,Lantai Dasar,https://www.malkelapagading.com/directory/teh-63
http://images.malkelapagading.com/tenant/Terralandlogo2.jpg,Terraland ,MKG-2,Lantai 2,https://www.malkelapagading.com/directory/terraland
http://images.malkelapagading.com/tenant/Thai-I-Love-You-by.jpg,Thai I Love You ,MKG-5,Lantai Dasar,https://www.malkelapagading.com/directory/thai-i-love-you
http://images.malkelapagading.com/tenant/The-Body-Shoplogo.jpg,The Body Shop ,MKG-2,Lantai Dasar,https://www.malkelapagading.com/directory/the-body-shop
http://images.malkelapagading.com/tenant/The-Coffee-Bean-Tea-Leaflogo.jpg,The Coffee Bean & Tea Leaf ,MKG-2,Lantai Dasar,https://www.malkelapagading.com/directory/the-coffee-bean-and-tea-leaf
http://images.malkelapagading.com/tenant/The-Executivelogo-97.jpg,The Executive ,MKG-2,Lantai 1,https://www.malkelapagading.com/directory/the-executive
http://images.malkelapagading.com/tenant/The-Face-Shoplogo-5.jpg,The Face Shop ,MKG-1,Lantai 1,https://www.malkelapagading.com/directory/the-face-shop
http://images.malkelapagading.com/tenant/Foodhalllogo.jpg,The Foodhall ,MKG-2,Lantai Dasar,https://www.malkelapagading.com/directory/the-foodhall
http://images.malkelapagading.com/tenant/The-Gardenlogo.jpg,The Garden ,MKG-5,Lantai Dasar,https://www.malkelapagading.com/directory/the-garden
http://images.malkelapagading.com/tenant/THE-PALACElogo-74.jpg,THE PALACE ,MKG-2,Lantai Dasar,https://www.malkelapagading.com/directory/the-palace
http://images.malkelapagading.com/tenant/The-Wine-Cellarlogo.jpg,The Wine Cellar ,MKG-5,Lantai Dasar,https://www.malkelapagading.com/directory/the-wine-cellar
http://images.malkelapagading.com/tenant/This-Earthlogo-33.jpg,This Earth ,MKG-2,Lantai 1,https://www.malkelapagading.com/directory/this-earth
http://images.malkelapagading.com/tenant/This-is-Aprillogo.jpg,This is April ,MKG-1,Lantai 1,https://www.malkelapagading.com/directory/this-is-april
http://images.malkelapagading.com/tenant/Timezonelogo.jpg,Timezone ,MKG-3,Lantai 2,https://www.malkelapagading.com/directory/timezone
http://images.malkelapagading.com/tenant/TISSOTlogo.jpg,TISSOT ,MKG-3,Lantai Dasar,https://www.malkelapagading.com/directory/tissot
http://images.malkelapagading.com/tenant/Tjoetji-Sepatoelogo.jpg,Tjoetji Sepatoe ,MKG-3,Basement,https://www.malkelapagading.com/directory/tjoetji-sepatoe
http://images.malkelapagading.com/tenant/TOAST-BOXlogo-52.jpg,TOAST BOX ,MKG-1,Lantai Dasar,https://www.malkelapagading.com/directory/toast-box
http://images.malkelapagading.com/tenant/Toby-s-Estate-Coffee-Roasterslogo-37.jpg,Toby`s Estate Coffee Roasters ,MKG-3,Lantai Dasar,https://www.malkelapagading.com/directory/tobys-estate
http://images.malkelapagading.com/tenant/TokoPDA-Comlogo.jpg,TokoPDA.Com ,MKG-1,Lantai 2,https://www.malkelapagading.com/directory/tokopda-com
http://images.malkelapagading.com/tenant/Ultramenlogo-55.jpg,Ultramen ,MKG-3,Lantai Dasar,https://www.malkelapagading.com/directory/ultramen
http://images.malkelapagading.com/tenant/Unbakeslogo-86.jpg,unbakes ,Gading Walk,Lantai Dasar,https://www.malkelapagading.com/directory/unbakes
http://images.malkelapagading.com/tenant/Uncle-Tetsu-Cheesecakelogo1.jpg,Uncle Tetsu Cheesecake ,MKG-1,Lantai Dasar,https://www.malkelapagading.com/directory/uncle-tetsu-cheesecake
http://images.malkelapagading.com/tenant/Under-Armourlogo.jpg,Under Armour ,MKG-2,Lantai Dasar,https://www.malkelapagading.com/directory/under-armour
http://images.malkelapagading.com/tenant/Unionlogo.jpg,Union ,MKG-3,Lantai Dasar,https://www.malkelapagading.com/directory/union
http://images.malkelapagading.com/tenant/Uniprep-Junior-Collegelogo.jpg,Unirep Junior College ,Gading Walk,Lantai Dasar,https://www.malkelapagading.com/directory/unirep-junior-college
http://images.malkelapagading.com/tenant/Urban-Iconlogo-9.jpg,Urban Icon ,MKG-3,Lantai 1,https://www.malkelapagading.com/directory/urban-icon
http://images.malkelapagading.com/tenant/Urban-Republiclogo-90.jpg,Urban Republic ,MKG-3,Lantai Dasar,https://www.malkelapagading.com/directory/urban-republic
http://images.malkelapagading.com/tenant/Vanslogo.jpg,Vans ,MKG-2,Lantai 1,https://www.malkelapagading.com/directory/vanz
http://images.malkelapagading.com/tenant/Victorias-Secretlogo.jpg,Victoria`s Secret ,MKG-3,Lantai 1,https://www.malkelapagading.com/directory/victoria-secret
http://images.malkelapagading.com/tenant/Vinoti-Livinglogo-27.jpg,Vinoti Living ,MKG-5,Lantai 2,https://www.malkelapagading.com/directory/vinoti-living
http://images.malkelapagading.com/tenant/Wacoallogo-23.png,Wacoal ,MKG-3,Lantai 2,https://www.malkelapagading.com/directory/wacoal
http://images.malkelapagading.com/tenant/Wakailogo1.jpg,Wakai ,MKG-2,Lantai 1,https://www.malkelapagading.com/directory/wakai
http://images.malkelapagading.com/tenant/Warnalogo.jpg,Warna ,MKG-2,Lantai 2,https://www.malkelapagading.com/directory/warna
http://images.malkelapagading.com/tenant/Warung-Bakudapa-Manadologo1.jpg,Warung Bakudapa Manado ,MKG-3,Lantai 3,https://www.malkelapagading.com/directory/baku-dapa
http://images.malkelapagading.com/tenant/Warung-Siomaylogo-30.jpg,Warung Siomay ,MKG-3,Lantai 3,https://www.malkelapagading.com/directory/warung-siomay
http://images.malkelapagading.com/tenant/Watch-Studiologo1.jpg,Watch Studio ,MKG-2,Lantai 1,https://www.malkelapagading.com/directory/watch-studio
http://images.malkelapagading.com/tenant/Watch-Enginelogo-100.jpg,Watch Zone ,MKG-2,Lantai 1,https://www.malkelapagading.com/directory/watch-zone
http://images.malkelapagading.com/tenant/Watsonslogo-86.jpg,Watsons ,MKG-3,Lantai Dasar,https://www.malkelapagading.com/directory/watsons
http://images.malkelapagading.com/tenant/Wicked-Pieslogo-55.png,Wicked Pies ,MKG-2,Lantai 2,https://www.malkelapagading.com/directory/wicked-pies
http://images.malkelapagading.com/tenant/Wilio-Kidslogo-94.jpg,Wilio Kids ,MKG-3,Lantai 2,https://www.malkelapagading.com/directory/wilio-kids
http://images.malkelapagading.com/tenant/Wingstoplogo-2.jpg,Wingstop ,MKG-3,Lantai 3,https://www.malkelapagading.com/directory/wingstop
http://images.malkelapagading.com/tenant/Winslett-Jewellerylogo1.jpg,Winslett Jewellery ,MKG-3,Lantai 1,https://www.malkelapagading.com/directory/winslett-jewellery
http://images.malkelapagading.com/tenant/WL-Waxinglogo1.jpg,WL Waxing ,MKG-5,Basement,https://www.malkelapagading.com/directory/wl-waxing
http://images.malkelapagading.com/tenant/World-Gems-Centerlogo.jpg,World Gems Center ,MKG-3,Lantai Dasar,https://www.malkelapagading.com/directory/world-gems-center
http://images.malkelapagading.com/tenant/XL-Centerlogo.jpg,XL Center ,MKG-1,Lantai Dasar,https://www.malkelapagading.com/directory/xl-center
http://images.malkelapagading.com/tenant/XXI-Garden-Cafelogo.jpg,XXI Garden Cafe ,MKG-2,Lantai 3,https://www.malkelapagading.com/directory/xxi-garden-cafe
http://images.malkelapagading.com/tenant/Yakun-Kaya-Toastlogo.jpg,Yakun Kaya Toast ,MKG-2,Lantai 2,https://www.malkelapagading.com/directory/yakun-kaya-toast
http://images.malkelapagading.com/tenant/Best-Denkilogo-52.jpg,Yamada Holding Best  ,MKG-5,Lantai 2,https://www.malkelapagading.com/directory/yamada-holding-best
http://images.malkelapagading.com/tenant/YamMie-Hotplatelogo.jpg,YamMie Hotplate ,MKG-3,Lantai 3,https://www.malkelapagading.com/directory/yammie-hotplate
http://images.malkelapagading.com/tenant/Yopie-Salonlogo.jpg,Yopie Salon ,MKG-1,Lantai Dasar,https://www.malkelapagading.com/directory/yopie-salon
http://images.malkelapagading.com/tenant/Yoshinoyalogo.jpg,Yoshinoya ,MKG-3,Lantai 3,https://www.malkelapagading.com/directory/yoshinoya
http://images.malkelapagading.com/tenant/Your-Bag-Spalogo.jpg,Your Bag Spa ,Gading Walk,Lantai Dasar,https://www.malkelapagading.com/directory/your-bag-spa
http://images.malkelapagading.com/tenant/Yuan-Marketlogo-11.jpg,Yuan Market ,MKG-3,Lantai 2,https://www.malkelapagading.com/directory/yuan-market
http://images.malkelapagading.com/tenant/Yurakulogo.jpg,Yuraku ,MKG-1,Lantai Dasar,https://www.malkelapagading.com/directory/yuraku
http://images.malkelapagading.com/tenant/Yves-Rocherlogo.jpg,Yves Rocher ,MKG-3,Lantai 1,https://www.malkelapagading.com/directory/yves-rocher
http://images.malkelapagading.com/tenant/ZARAlogo.jpg,ZARA ,MKG-3,Lantai 1,https://www.malkelapagading.com/directory/zara
http://images.malkelapagading.com/tenant/ZOOMOOVlogo2.jpg,ZOOMOOV ,MKG-3,Lantai 2,https://www.malkelapagading.com/directory/zoomoov
